<?xml version="1.0" encoding="UTF-8"?>
<project-private xmlns="http://www.netbeans.org/ns/project-private/1">
    <editor-bookmarks xmlns="http://www.netbeans.org/ns/editor-bookmarks/2" lastBookmarkId="0"/>
    <open-files xmlns="http://www.netbeans.org/ns/projectui-open-files/2">
        <group>
            <file>file:/C:/Users/jramos/Desktop/curso/FACENS/Linguagens%20de%20programação/AC2/(Código)%20Tela%20de%20Splash%20e%20Login%20(1)/SNKRS/src/conexoes/MySQL.java</file>
            <file>file:/C:/Users/jramos/Desktop/curso/FACENS/Linguagens%20de%20programação/AC2/(Código)%20Tela%20de%20Splash%20e%20Login%20(1)/SNKRS/src/telas/ViewAdmin.java</file>
            <file>file:/C:/Users/jramos/Desktop/curso/FACENS/Linguagens%20de%20programação/AC2/(Código)%20Tela%20de%20Splash%20e%20Login%20(1)/SNKRS/src/telas/ViewCadastroCliente2.java</file>
            <file>file:/C:/Users/jramos/Desktop/curso/FACENS/Linguagens%20de%20programação/AC2/(Código)%20Tela%20de%20Splash%20e%20Login%20(1)/SNKRS/src/telas/ViewCadastroProduto.java</file>
            <file>file:/C:/Users/jramos/Desktop/curso/FACENS/Linguagens%20de%20programação/AC2/(Código)%20Tela%20de%20Splash%20e%20Login%20(1)/SNKRS/src/telas/ViewCadastroCliente.java</file>
            <file>file:/C:/Users/jramos/Desktop/curso/FACENS/Linguagens%20de%20programação/AC2/(Código)%20Tela%20de%20Splash%20e%20Login%20(1)/SNKRS/src/telas/UILogin.java</file>
        </group>
    </open-files>
</project-private>
